0000-0003-1584-8082,Euzeli,dos Santos
0000-0002-2958-5503,Hamza,Bhai
0000-0002-7821-9999,Charles,Goodlett
0000-0003-0706-6056,M. Sara,Lowe
0000-0002-3603-6158,Richard,Holden
0000-0002-8128-4396,Daniel,Park
0000-0001-6328-3982,Jiang Yu,Zheng
0000-0002-3649-9785,Xiao,Luo
0000-0002-1232-418X,Partha,Basu
0000-0002-0065-4915,Stephen,Brown
0000-0002-6873-1630,Kristi,Palmer
0000-0002-4739-4647,Kathy,Johnson
0000-0002-2868-1392,Michael,Cohen
0000-0002-8037-9326,Kyle,Colston
0000-0003-1742-8161,Brandon,Sorge
0000-0002-7663-2333,Bruce,Ray
0000-0003-4428-8969,Ian,McIntosh
0000-0002-2039-3783,Gina,Borgioli Yoder
0000-0002-5026-0746,Gary,Rosenberg
0000-0001-5330-5068,David,Bell
0000-0002-8270-2748,Jennifer,Behzadi
0000-0001-6781-797X,kitti,torrungruang
0000-0001-7203-5585,Jennifer,Bute
0000-0002-5532-2264,Adriana,Piemonti
0000-0002-4863-9503,Gavin,Barnes
0000-0003-0756-3183,Robin,Polt
0000-0002-0178-3698,Wenrui,Qu
0000-0002-1750-5801,Fotios-Christos,Kafantaris
0000-0002-6844-1940,Kathryn,Maneiro
0000-0002-9743-5742,Amanda,Friesen
0000-0003-2581-7546,Carl,Cowen
0000-0003-1584-0582,Richard,Steinberg
0000-0002-7548-296X,Marilee,Brooks-Gillies
0000-0002-5495-9597,Parth,Kothiya
0000-0002-7783-6127,Flounder,Lee
0000-0002-1955-253X,Babak,Anasori
0000-0003-2910-5511,Rasha ,AlSheikh
0000-0003-4711-899X,Gemmicka,Piper
0000-0003-1018-0693,Kenzie,Latham-Mintus
0000-0001-9711-5565,David W.,Lewis
0000-0003-2715-415X,Julia,Angstmann
0000-0001-5470-5661,masoud,Vaezi
0000-0003-1350-1894,Sara,Makki Alamdari
0000-0001-9286-6562,Jun,Wan
0000-0002-1396-9481,Marlene,Walk
0000-0002-0662-0185,A'aeshah,Alhakamy
0000-0001-8549-8570,Sudhanshu,Raikwar
0000-0002-4113-1141,Priyank,Kalgaonkar
0000-0002-5746-0222,Lauren,Easterling
0000-0002-5402-0512,Imelda,Vetter
0000-0002-1408-0107,Madhura,Vachon
0000-0001-7689-0474,Heather Leigh,Penwell
0000-0001-7392-8975,Bronwen,Maxson
0000-0002-9652-2481,Richard L.,Wood
0000-0003-1606-5792,Marianne,Wokeck
0000-0002-5544-3672,Jennifer,Rycenga
0000-0001-7872-0540,Teresa,Zimmers
